,Company Name,Market_Cap,weights
0,Grindwell Norto      ,13616.9,0.511877740879773
1,Carborundum      ,12116.96,0.4554929617703423
2,Wendt      ,868.0,0.03262929734988455
