,Company Name,Market_Cap,weights
0,Wonderla      ,1410.57,0.8759073776243317
1,Nicco Parks      ,199.84,0.12409262237566832
