,Company Name,Market_Cap,weights
0,Maruti Suzuki      ,221575.72,0.9992603490587816
1,Hind Motors      ,164.01,0.0007396509412183373
