,Company Name,Market_Cap,weights
0,Cummins      ,23825.34,0.9161037787540013
1,Swaraj Engines      ,2181.91,0.0838962212459987
