,Company Name,Market_Cap,weights
0,Jay BharatMarut      ,925.1,0.7330253638978471
1,Autoline Ind      ,204.43,0.16198505582276174
2,Omax Autos      ,132.5,0.10498958027939115
