,Company Name,Market_Cap,weights
0,Escorts      ,15673.17,0.7210295157474211
1,HMT      ,4310.65,0.19830741847734829
2,VST Tillers      ,1753.39,0.0806630657752306
