,Company Name,Market_Cap,weights
0,India Nippon      ,870.47,0.7882621412853508
1,Rane Engine      ,233.82,0.21173785871464923
