,Company Name,Market_Cap,weights
0,Wheels      ,2008.19,0.5018567944181211
1,Steel Str Wheel      ,1993.33,0.49814320558187886
