,Company Name,Market_Cap,weights
0,Automotive Axle      ,2041.25,0.9397154958106989
1,Talbros Eng      ,130.95,0.06028450418930117
