,Company Name,Market_Cap,weights
0,Tata Motors      ,98247.91,0.47555028994421833
1,Eicher Motors      ,69717.72,0.3374553408846033
2,TML-D      ,38632.73,0.18699436917117832
