,Company Name,Market_Cap,weights
0,Ashok Leyland      ,36459.25,0.9287532746486407
1,Force Motors      ,1956.21,0.049831975243605324
2,SML Isuzu      ,840.66,0.021414750107753896
