,Company Name,Market_Cap,weights
0,Varun Beverages      ,32115.9,0.9995157394030647
1,Orient Beverage      ,15.56,0.0004842605969352155
