,Company Name,Market_Cap,weights
0,Rain Industries      ,8401.92,0.6552389983997104
1,Phillips Carbon      ,4052.52,0.316043136068279
2,Goa Carbon      ,368.24,0.02871786553201047
