,Company Name,Market_Cap,weights
0,Coal India      ,88620.03,0.9765909186332095
1,Guj Mineral      ,2124.24,0.02340908136679043
