,Company Name,Market_Cap,weights
0,Graphite India      ,13054.02,0.6022321399737776
1,HEG      ,8622.04,0.3977678600262225
