,Company Name,Market_Cap,weights
0,Sterling Tools      ,738.32,0.9210463941318098
1,Simmonds-Marsha      ,57.79,0.0720924140167912
2,Lakshmi Prec      ,5.5,0.006861191851399059
