,Company Name,Market_Cap,weights
0,Venkys      ,4376.94,0.9888953907399082
1,Simran Farms      ,41.9,0.009466594669335691
2,Uniroyal Marine      ,7.25,0.0016380145907561757
