,Company Name,Market_Cap,weights
0,HDFC Life      ,134472.33,0.4051330892012165
1,SBI Life Insura      ,104815.24,0.3157833435069276
2,ICICI Prudentia      ,92633.8,0.2790835672918559
