,Company Name,Market_Cap,weights
0,ICICI Lombard     ,68438.81,0.7230076245670093
1,New India Assur      ,26219.68,0.27699237543299077
