,Company Name,Market_Cap,weights
0,Responsive Ind      ,3603.32,0.9879607263594564
1,Sri KPR Ind      ,37.97,0.010410640403813304
2,PG Industry      ,5.94,0.0016286332367303406
