,Company Name,Market_Cap,weights
0,Gujarat Pipavav      ,5138.97,0.8256182533549472
1,Dredging Corp      ,1085.42,0.17438174664505277
