,Company Name,Market_Cap,weights
0,Kokuyo Camlin      ,738.74,0.6047612030715327
1,Linc PenandPlas      ,301.02,0.24642664178004814
2,Gala Global Prd      ,181.78,0.14881215514841922
