,Company Name,Market_Cap,weights
0,Texmaco Rail      ,926.27,0.5133481492155156
1,Titagarh Wagons      ,878.1,0.48665185078448436
