,Company Name,Market_Cap,weights
0,CRISIL      ,21998.55,0.79280767920887
1,ICRA      ,3639.82,0.13117579326537565
2,CARE Ratings      ,2109.28,0.07601652752575444
