,Company Name,Market_Cap,weights
0,Adani Ports      ,139533.32,0.999812123198457
1,Duke Offshore      ,13.65,9.780771705037148e-05
2,Starlog Enter      ,12.57,9.006908449253988e-05
