,Company Name,Market_Cap,weights
0,KDDL      ,443.26,0.5360697570355678
1,Timex Group Ind      ,383.61,0.46393024296443214
