,Company Name,Market_Cap,weights,index
0,Wonderla,1414.53,0.8754525706010138,BOM538268
1,Nicco Parks,201.24,0.12454742939898625,BOM526721
