,Company Name,Market_Cap,weights,index
0,Automotive Axle,2061.58,0.9405919362712668,BOM505010
1,Talbros Eng,130.21,0.05940806372873314,BOM538987
