,Company Name,Market_Cap,weights,index
0,Escorts,15651.6,0.7205068903799836,BOM500495
1,Escorts,15651.6,0.7205068903799836,BOM511716
2,HMT,4298.61,0.19788252472950377,BOM500191
