,Company Name,Market_Cap,weights,index
0,Wheels,1998.56,0.5040148488883509,BOM513262
1,Wheels,1998.56,0.5040148488883509,BOM533477
2,Wheels,1998.56,0.5040148488883509,BOM590073
