,Company Name,Market_Cap,weights,index
0,Minda Ind,20216.46,0.8922638827160467,BOM532539
1,FIEM Ind,1011.53,0.04464439794522695,BOM532768
