,Company Name,Market_Cap,weights,index
0,Autoline Ind,204.43,0.15620487037051187,BOM532797
1,Omax Autos,132.82,0.10148770181779282,BOM520021
