,Company Name,Market_Cap,weights,index
0,India Nippon,891.28,0.7978944352932751,BOM532240
1,Rane Engine,225.76,0.20210556470672492,BOM532988
