,Company Name,Market_Cap,weights,index
0,Cummins,23783.76,0.9160636290105149,BOM500480
1,Swaraj Engines,2179.24,0.08393637098948503,BOM500407
