,Company Name,Market_Cap,weights,index
0,Varun Beverages,31825.77,0.9995100713317298,BOM540180
1,Orient Beverage,15.6,0.0004899286682702408,BOM507690
