,Company Name,Market_Cap,weights,index
0,Graphite India,12889.9,0.600376903614772,BOM509488
1,HEG,8579.78,0.3996230963852279,BOM509631
