,Company Name,Market_Cap,weights,index
0,Sterling Tools,740.3,0.9225496915695682,BOM530759
1,Lakshmi Prec,5.48,0.006829085924356658,BOM506079
