,Company Name,Market_Cap,weights,index
0,Simran Farms,42.09,0.00961995575140334,BOM519566
1,Uniroyal Marine,7.25,0.001657036806787223,BOM526113
