,Company Name,Market_Cap,weights,index
0,ICICI Lombard,67788.66,0.7218512384162362,BOM540716
1,New India Assur,26120.8,0.2781487615837637,BOM540769
