,Company Name,Market_Cap,weights,index
0,Polyplex Corp,4806.19,0.9965642080468446,BOM524051
1,Raj Packaging,16.57,0.0034357919531554553,BOM530111
