,Company Name,Market_Cap,weights,index
0,Xpro India,364.98,0.5772899103174478,BOM590013
1,Sintex Ind,267.25,0.42271008968255225,BOM502742
