,Company Name,Market_Cap,weights,index
0,Gujarat Pipavav,5129.3,0.8262030707377889,BOM533248
1,Dredging Corp,1078.98,0.1737969292622111,BOM523618
