,Company Name,Market_Cap,weights,index
0,Kokuyo Camlin,737.73,0.603080268460765,BOM523207
1,Kiran Print,2.05,0.0016758360787070719,BOM531413
