,Company Name,Market_Cap,weights,index
0,Texmaco Rail,917.51,0.5111447847087203,BOM533326
1,Titagarh Wagons,877.5,0.48885521529127973,BOM532966
