,Company Name,Market_Cap,weights,index
0,KDDL,445.43,0.5308172652954215,BOM532054
1,Timex Group Ind,393.71,0.4691827347045785,BOM500414
